44167236,evilgaoshu,evilgaoshu,"",https://api.github.com/users/evilgaoshu,https://avatars.githubusercontent.com/u/44167236?,17,8,2022
111333037,gurram47,gurram47,"",https://api.github.com/users/gurram47,https://avatars.githubusercontent.com/u/111333037?,17,8,2022
65502770,afbeltranr,afbeltranr,"",https://api.github.com/users/afbeltranr,https://avatars.githubusercontent.com/u/65502770?,17,8,2022
99458559,karla-vm,karla-vm,"",https://api.github.com/users/karla-vm,https://avatars.githubusercontent.com/u/99458559?,17,8,2022
3787410,hsluoyz,hsluoyz,"",https://api.github.com/users/hsluoyz,https://avatars.githubusercontent.com/u/3787410?,17,8,2022
11596368,mnw1020,mnw1020,"",https://api.github.com/users/mnw1020,https://avatars.githubusercontent.com/u/11596368?,17,8,2022
82401504,ikjo93,ikjo93,"",https://api.github.com/users/ikjo93,https://avatars.githubusercontent.com/u/82401504?,17,8,2022
60316309,Gabe616,Gabe616,"",https://api.github.com/users/Gabe616,https://avatars.githubusercontent.com/u/60316309?,17,8,2022
37953029,BadProfessor,BadProfessor,"",https://api.github.com/users/BadProfessor,https://avatars.githubusercontent.com/u/37953029?,17,8,2022
28701858,allanrg4,allanrg4,"",https://api.github.com/users/allanrg4,https://avatars.githubusercontent.com/u/28701858?,17,8,2022
22668539,QGarchery,QGarchery,"",https://api.github.com/users/QGarchery,https://avatars.githubusercontent.com/u/22668539?,17,8,2022
111433069,Diyouf,Diyouf,"",https://api.github.com/users/Diyouf,https://avatars.githubusercontent.com/u/111433069?,17,8,2022
100686237,tiltingpenguin,tiltingpenguin,"",https://api.github.com/users/tiltingpenguin,https://avatars.githubusercontent.com/u/100686237?,17,8,2022
111448530,igrek-ovs,igrek-ovs,"",https://api.github.com/users/igrek-ovs,https://avatars.githubusercontent.com/u/111448530?,17,8,2022
86944161,cchanmi,cchanmi,"",https://api.github.com/users/cchanmi,https://avatars.githubusercontent.com/u/86944161?,17,8,2022
10712109,mvashishtha,mvashishtha,"",https://api.github.com/users/mvashishtha,https://avatars.githubusercontent.com/u/10712109?,17,8,2022
368735,na4zagin3,na4zagin3,"",https://api.github.com/users/na4zagin3,https://avatars.githubusercontent.com/u/368735?,17,8,2022
55003092,xsidc,xsidc,"",https://api.github.com/users/xsidc,https://avatars.githubusercontent.com/u/55003092?,17,8,2022
17953978,kkukelka,kkukelka,"",https://api.github.com/users/kkukelka,https://avatars.githubusercontent.com/u/17953978?,17,8,2022
94136524,Sidalvik,Sidalvik,"",https://api.github.com/users/Sidalvik,https://avatars.githubusercontent.com/u/94136524?,17,8,2022
13433317,qJkee,qJkee,"",https://api.github.com/users/qJkee,https://avatars.githubusercontent.com/u/13433317?,17,8,2022
10712109,mvashishtha,mvashishtha,"",https://api.github.com/users/mvashishtha,https://avatars.githubusercontent.com/u/10712109?,17,8,2022
37929162,mergify[bot],mergify,"",https://api.github.com/users/mergify[bot],https://avatars.githubusercontent.com/u/37929162?,17,8,2022
44158642,exqlnet,exqlnet,"",https://api.github.com/users/exqlnet,https://avatars.githubusercontent.com/u/44158642?,17,8,2022
19955562,lindseyburnett,lindseyburnett,"",https://api.github.com/users/lindseyburnett,https://avatars.githubusercontent.com/u/19955562?,17,8,2022
111345762,wwwuuid2com28,wwwuuid2com28,"",https://api.github.com/users/wwwuuid2com28,https://avatars.githubusercontent.com/u/111345762?,17,8,2022
30538765,signcla-test-unsigned,signcla-test-unsigned,"",https://api.github.com/users/signcla-test-unsigned,https://avatars.githubusercontent.com/u/30538765?,17,8,2022
8517910,LombiqBot,LombiqBot,"",https://api.github.com/users/LombiqBot,https://avatars.githubusercontent.com/u/8517910?,17,8,2022
109001160,HARPHUNA,HARPHUNA,"",https://api.github.com/users/HARPHUNA,https://avatars.githubusercontent.com/u/109001160?,17,8,2022
686971,khurtwilliams,khurtwilliams,"",https://api.github.com/users/khurtwilliams,https://avatars.githubusercontent.com/u/686971?,17,8,2022
