id,login,display_login,gravatar_id,url,avatar_url
1696078,sukhada,sukhada,,https://api.github.com/users/sukhada,https://avatars.githubusercontent.com/u/1696078?
74971347,MathisGD,MathisGD,,https://api.github.com/users/MathisGD,https://avatars.githubusercontent.com/u/74971347?
91143053,BR-Junior,BR-Junior,,https://api.github.com/users/BR-Junior,https://avatars.githubusercontent.com/u/91143053?
102357035,kazukimikami,kazukimikami,,https://api.github.com/users/kazukimikami,https://avatars.githubusercontent.com/u/102357035?
41898282,github-actions[bot],github-actions,,https://api.github.com/users/github-actions[bot],https://avatars.githubusercontent.com/u/41898282?
21972349,sozysozbot,sozysozbot,,https://api.github.com/users/sozysozbot,https://avatars.githubusercontent.com/u/21972349?
17869732,moiify,moiify,,https://api.github.com/users/moiify,https://avatars.githubusercontent.com/u/17869732?
90624848,ofzlo,ofzlo,,https://api.github.com/users/ofzlo,https://avatars.githubusercontent.com/u/90624848?
98659638,edwardzuniga,edwardzuniga,,https://api.github.com/users/edwardzuniga,https://avatars.githubusercontent.com/u/98659638?
32714304,0xcadams,0xcadams,,https://api.github.com/users/0xcadams,https://avatars.githubusercontent.com/u/32714304?
12437240,chengzhong001,chengzhong001,,https://api.github.com/users/chengzhong001,https://avatars.githubusercontent.com/u/12437240?
39814207,pull[bot],pull,,https://api.github.com/users/pull[bot],https://avatars.githubusercontent.com/u/39814207?
75855221,fathozt,fathozt,,https://api.github.com/users/fathozt,https://avatars.githubusercontent.com/u/75855221?
102809970,InonAngel98,InonAngel98,,https://api.github.com/users/InonAngel98,https://avatars.githubusercontent.com/u/102809970?
111434456,DmytroKova,DmytroKova,,https://api.github.com/users/DmytroKova,https://avatars.githubusercontent.com/u/111434456?
21071133,justbecoder,justbecoder,,https://api.github.com/users/justbecoder,https://avatars.githubusercontent.com/u/21071133?
66924041,yousabu,yousabu,,https://api.github.com/users/yousabu,https://avatars.githubusercontent.com/u/66924041?
60825784,predictcrypto,predictcrypto,,https://api.github.com/users/predictcrypto,https://avatars.githubusercontent.com/u/60825784?
46447321,allcontributors[bot],allcontributors,,https://api.github.com/users/allcontributors[bot],https://avatars.githubusercontent.com/u/46447321?
37043957,Callithrix-omics,Callithrix-omics,,https://api.github.com/users/Callithrix-omics,https://avatars.githubusercontent.com/u/37043957?
22376627,datho7561,datho7561,,https://api.github.com/users/datho7561,https://avatars.githubusercontent.com/u/22376627?
111369888,Mahalderk,Mahalderk,,https://api.github.com/users/Mahalderk,https://avatars.githubusercontent.com/u/111369888?
5146167,markbush,markbush,,https://api.github.com/users/markbush,https://avatars.githubusercontent.com/u/5146167?
34882892,balena-ci,balena-ci,,https://api.github.com/users/balena-ci,https://avatars.githubusercontent.com/u/34882892?
90800936,ibrahimalangri,ibrahimalangri,,https://api.github.com/users/ibrahimalangri,https://avatars.githubusercontent.com/u/90800936?
5981249,brianway,brianway,,https://api.github.com/users/brianway,https://avatars.githubusercontent.com/u/5981249?
23216921,adamsorbie,adamsorbie,,https://api.github.com/users/adamsorbie,https://avatars.githubusercontent.com/u/23216921?
28898909,dislbenn,dislbenn,,https://api.github.com/users/dislbenn,https://avatars.githubusercontent.com/u/28898909?