75340147,350org/ak_intl_v3,https://api.github.com/repos/350org/ak_intl_v3,17,8,2022
525526680,yousabu/ansible_rhce,https://api.github.com/repos/yousabu/ansible_rhce,17,8,2022
512700417,morpho-dao/morpho-utils,https://api.github.com/repos/morpho-dao/morpho-utils,17,8,2022
525851446,BR-Junior/crud-com-vue-e-quasar,https://api.github.com/repos/BR-Junior/crud-com-vue-e-quasar,17,8,2022
505029866,predictcrypto/pins,https://api.github.com/repos/predictcrypto/pins,17,8,2022
525845306,kazukimikami/reservation,https://api.github.com/repos/kazukimikami/reservation,17,8,2022
274724694,dendronhq/dendron,https://api.github.com/repos/dendronhq/dendron,17,8,2022
523780252,tiller1010/silverstripe-spam-module,https://api.github.com/repos/tiller1010/silverstripe-spam-module,17,8,2022
524701461,sozysozbot/mikanos,https://api.github.com/repos/sozysozbot/mikanos,17,8,2022
164541747,moiify/AutoGreen,https://api.github.com/repos/moiify/AutoGreen,17,8,2022
524655561,Callithrix-omics/Callithrix-omics.github.io,https://api.github.com/repos/Callithrix-omics/Callithrix-omics.github.io,17,8,2022
264221410,datho7561/quarkus-ls,https://api.github.com/repos/datho7561/quarkus-ls,17,8,2022
472789273,Sooktoring/Sooktoring-Android,https://api.github.com/repos/Sooktoring/Sooktoring-Android,17,8,2022
487950724,edwardzuniga/holbertonschool-higher_level_programming,https://api.github.com/repos/edwardzuniga/holbertonschool-higher_level_programming,17,8,2022
432870871,livepeer/explorer,https://api.github.com/repos/livepeer/explorer,17,8,2022
523780252,tiller1010/silverstripe-spam-module,https://api.github.com/repos/tiller1010/silverstripe-spam-module,17,8,2022
525845966,Mahalderk/CV,https://api.github.com/repos/Mahalderk/CV,17,8,2022
522475355,markbush/Smalltalk-80-CompilerLib,https://api.github.com/repos/markbush/Smalltalk-80-CompilerLib,17,8,2022
280075452,product-os/jellyfish-worker,https://api.github.com/repos/product-os/jellyfish-worker,17,8,2022
524300625,chengzhong001/cpp-examples,https://api.github.com/repos/chengzhong001/cpp-examples,17,8,2022
502695999,kybru91/vscode-languageserver-node,https://api.github.com/repos/kybru91/vscode-languageserver-node,17,8,2022
381424857,fathozt/MyProject,https://api.github.com/repos/fathozt/MyProject,17,8,2022
525860418,ibrahimalangri/KUn,https://api.github.com/repos/ibrahimalangri/KUn,17,8,2022
507821009,web-application-app/gigosRate,https://api.github.com/repos/web-application-app/gigosRate,17,8,2022
525800293,DmytroKova/TUTORIAL,https://api.github.com/repos/DmytroKova/TUTORIAL,17,8,2022
55965971,brianway/algorithms-learning,https://api.github.com/repos/brianway/algorithms-learning,17,8,2022
266811533,wizche/lema-observatory,https://api.github.com/repos/wizche/lema-observatory,17,8,2022
406699027,adamsorbie/Stroke_Microbiota_reproducibility,https://api.github.com/repos/adamsorbie/Stroke_Microbiota_reproducibility,17,8,2022
501154542,justbecoder/react-router-middleware-plus,https://api.github.com/repos/justbecoder/react-router-middleware-plus,17,8,2022
239809522,stolostron/search-e2e-test,https://api.github.com/repos/stolostron/search-e2e-test,17,8,2022
